year,country,skin,bladder,uterus,"colon, rectum and anus",breast,ovary,prostate,"trachea, bronchus and lung"
2010,Argentina,5.3,17.4,5.9,80.7,34.9,7.3,43.6,106.2
2010,Australia,23.0,17.2,2.2,64.1,26.6,8.7,41.1,130.0
2010,Austria,13.0,18.5,3.3,74.1,29.0,8.6,35.3,129.9
2010,Belgium,8.3,25.9,2.7,77.4,36.3,10.6,34.1,187.10000000000002
2010,Brazil,4.4,11.7,7.5,41.6,20.8,5.0,38.7,69.6
2010,Bulgaria,7.5,19.8,8.3,94.19999999999999,24.5,8.7,24.8,126.19999999999999
2010,Canada,9.4,20.200000000000003,2.1,76.0,28.0,9.4,31.3,189.7
2010,Chile,5.4,15.6,8.9,57.0,20.4,6.7,55.3,80.2
2010,Colombia,4.2,8.3,12.0,42.6,18.4,5.5,39.8,66.4
2010,Costa Rica,5.699999999999999,9.6,9.2,50.4,22.0,5.5,51.3,38.699999999999996
2010,Croatia,14.100000000000001,27.3,5.0,135.0,37.0,10.7,48.8,187.10000000000002
2010,Czechia,11.1,25.6,5.9,121.3,28.1,10.8,38.8,167.4
2010,Denmark,13.899999999999999,31.299999999999997,3.8,106.9,39.0,12.4,53.8,201.1
2010,Estonia,13.5,27.8,8.8,95.0,26.3,10.2,62.6,162.0
2010,Finland,10.3,14.8,1.7,60.800000000000004,27.3,10.9,39.7,120.4
2010,France,8.3,23.9,2.1,75.7,30.9,9.2,33.7,142.7
2010,Germany,8.6,18.299999999999997,3.0,80.6,32.0,10.2,33.6,138.8
2010,Greece,4.9,25.299999999999997,2.7,56.400000000000006,29.9,7.1,27.9,157.4
2010,Hungary,10.4,30.5,6.6,154.20000000000002,32.8,10.9,35.3,266.5
2010,Iceland,15.7,22.8,3.0,64.4,17.4,10.3,46.3,175.2
2010,Ireland,12.0,19.299999999999997,4.5,87.6,34.7,15.8,45.0,156.1
2010,Israel,12.2,22.299999999999997,2.4,83.3,33.6,11.0,18.8,112.0
2010,Italy,7.6,24.900000000000002,1.0,77.6,29.6,8.0,25.6,146.79999999999998
2010,Japan,1.1,12.4,3.3,78.5,14.9,5.4,15.9,127.1
2010,Korea,1.6,13.5,4.5,75.5,7.8,4.1,14.6,157.8
2010,Latvia,13.2,34.5,11.2,99.1,30.6,15.4,54.6,158.1
2010,Lithuania,11.600000000000001,28.599999999999998,12.9,94.2,29.3,14.5,56.9,142.2
2010,Luxembourg,8.4,32.1,1.8,89.0,35.7,8.0,27.6,142.8
2010,Mexico,3.1,6.4,12.6,23.9,16.0,5.9,29.8,43.4
2010,Netherlands,14.2,25.4,2.3,97.4,35.2,11.8,43.2,195.8
2010,New Zealand,26.900000000000002,16.0,2.5,101.2,31.2,10.5,39.6,137.8
2010,Norway,22.3,22.5,3.1,102.0,25.5,12.7,56.1,144.4
2010,Peru,2.8,7.0,14.6,32.7,11.5,3.8,38.5,48.3
2010,Poland,10.5,32.0,8.5,100.0,25.5,12.4,34.1,204.7
2010,Portugal,6.3,23.0,3.6,100.7,25.5,5.5,40.3,100.8
2010,Romania,5.4,23.6,15.3,84.3,27.9,8.6,27.2,148.7
2010,Russia,8.4,21.3,7.7,99.9,29.2,9.6,28.4,141.2
2010,Slovak Republic,13.8,24.9,7.4,130.8,29.2,10.1,37.6,150.9
2010,Slovenia,16.8,31.0,3.6,120.19999999999999,33.9,12.2,53.2,169.5
2010,South Africa,6.6,13.5,22.4,44.0,25.3,5.7,72.9,87.1
2010,Spain,6.2,33.1,2.6,94.9,23.3,7.4,30.0,141.3
2010,Sweden,14.1,20.2,2.6,74.5,25.0,11.5,54.5,105.80000000000001
2010,Switzerland,11.7,21.5,1.4,64.7,30.6,9.3,44.7,121.0
2010,Türkiye,2.7,15.2,1.9,45.0,12.6,5.3,26.2,148.39999999999998
2010,United Kingdom,10.7,24.1,2.8,76.2,32.7,12.0,40.9,168.5
2010,United States,10.6,18.1,2.6,59.6,26.9,9.7,27.6,184.9
2011,Argentina,5.5,17.799999999999997,5.6,79.0,33.8,7.2,40.3,106.7
2011,Australia,24.0,17.0,2.1,63.1,27.0,8.5,41.0,127.4
2011,Austria,12.2,18.5,3.1,74.1,28.1,9.4,34.5,126.5
2011,Belgium,9.2,25.0,3.1,76.0,36.3,9.8,33.0,183.3
2011,Brazil,4.3,11.7,7.6,42.0,20.9,5.0,37.9,68.7
2011,Bulgaria,6.1,19.700000000000003,8.1,87.7,28.2,8.6,28.5,126.8
2011,Canada,9.1,19.9,2.2,78.3,27.5,9.6,29.9,184.8
2011,Chile,5.1,13.1,8.9,57.7,20.8,6.2,53.1,79.8
2011,Colombia,3.3000000000000003,7.3,11.0,41.2,17.1,5.8,36.8,63.6
2011,Costa Rica,5.4,10.5,6.7,51.3,19.0,4.5,49.0,37.8
2011,Croatia,14.299999999999999,28.4,4.2,139.2,33.4,10.8,47.1,190.79999999999998
2011,Czechia,10.9,22.9,5.4,113.0,28.7,11.3,36.7,165.2
2011,Denmark,14.1,28.3,2.4,104.9,38.1,12.0,55.8,189.4
2011,Estonia,13.3,32.8,9.1,98.39999999999999,29.1,11.8,53.5,160.8
2011,Finland,12.0,14.7,1.5,58.300000000000004,25.0,11.0,40.6,111.3
2011,France,7.8,23.5,2.2,74.5,29.7,8.9,31.8,142.0
2011,Germany,9.2,19.3,3.2,80.19999999999999,32.3,10.5,34.3,139.5
2011,Greece,4.5,26.6,2.5,56.6,26.6,7.5,26.2,159.1
2011,Hungary,11.2,30.7,7.1,156.7,34.7,11.3,34.5,258.79999999999995
2011,Iceland,20.5,28.8,3.4,55.9,22.1,10.2,39.5,168.8
2011,Ireland,13.3,21.700000000000003,4.8,96.9,36.5,15.0,45.2,169.1
2011,Israel,10.7,22.1,2.6,74.0,34.4,8.8,20.8,109.69999999999999
2011,Italy,7.8,24.4,1.2,78.10000000000001,29.2,8.0,25.3,146.8
2011,Japan,1.1,12.3,3.3,79.1,15.1,5.4,15.2,124.9
2011,Korea,1.7999999999999998,13.6,4.5,72.2,8.2,4.0,14.8,153.1
2011,Latvia,10.3,29.1,9.6,99.4,32.5,14.7,57.4,156.7
2011,Lithuania,11.0,26.1,11.6,93.3,28.2,14.5,49.2,150.5
2011,Luxembourg,7.4,29.000000000000004,2.3,79.6,31.8,13.7,27.8,143.10000000000002
2011,Mexico,3.2,6.7,12.0,24.5,15.9,6.2,30.6,41.7
2011,Netherlands,13.899999999999999,25.099999999999998,2.1,95.2,35.2,11.3,39.8,197.0
2011,New Zealand,29.1,16.7,2.5,97.1,30.5,9.7,38.6,137.5
2011,Norway,20.799999999999997,23.299999999999997,2.6,98.1,23.1,12.6,55.5,143.8
2011,Peru,2.5,5.5,12.7,30.6,11.4,4.4,33.2,46.7
2011,Poland,11.1,32.7,8.0,97.3,26.1,12.3,34.5,199.2
2011,Portugal,6.6,24.0,3.9,99.2,24.6,5.7,39.4,100.6
2011,Romania,5.4,24.3,14.5,86.3,27.4,8.5,26.4,149.7
2011,Russia,8.1,21.3,7.9,97.3,28.9,9.2,28.6,137.5
2011,Slovenia,17.9,25.2,3.4,115.1,31.8,11.3,54.7,163.4
2011,South Africa,6.8,12.3,22.6,45.1,25.7,6.2,70.7,85.9
2011,Spain,5.8,33.4,2.6,95.7,23.0,7.2,30.0,141.0
2011,Sweden,14.3,20.0,2.6,76.8,24.9,10.0,53.3,105.1
2011,Switzerland,11.4,21.4,2.0,67.0,29.3,9.4,42.4,120.4
2011,Türkiye,3.1,15.3,1.9,46.6,13.3,5.4,25.3,152.0
2011,United Kingdom,10.6,24.5,2.9,74.6,32.7,11.8,40.1,167.0
2011,United States,10.3,17.8,2.7,57.8,26.4,9.4,26.2,179.2
2012,Argentina,5.4,16.7,5.9,79.1,33.8,6.9,39.5,104.30000000000001
2012,Australia,23.1,16.4,2.0,60.9,25.3,8.5,37.0,124.1
2012,Austria,11.8,19.299999999999997,3.0,71.6,28.5,9.7,32.8,126.6
2012,Belgium,7.5,25.599999999999998,2.8,75.9,34.3,9.9,29.6,169.5
2012,Brazil,4.2,11.2,7.5,42.4,20.8,4.9,36.9,69.7
2012,Bulgaria,6.1,25.2,8.8,95.60000000000001,29.8,10.0,29.3,134.1
2012,Canada,9.5,19.5,2.4,74.3,26.8,8.7,28.0,182.60000000000002
2012,Chile,3.9,12.1,8.4,59.7,20.5,5.8,53.0,78.9
2012,Colombia,4.4,7.4,10.4,41.8,17.8,5.9,36.9,62.699999999999996
2012,Costa Rica,3.7,7.1,8.9,49.8,19.8,4.6,41.7,37.1
2012,Croatia,12.4,31.1,4.1,137.9,37.9,11.1,45.2,188.1
2012,Czechia,11.899999999999999,24.3,6.0,111.19999999999999,27.4,11.5,36.6,161.3
2012,Denmark,16.0,28.9,3.2,100.5,35.2,12.2,50.6,196.3
2012,Estonia,11.5,23.9,8.8,94.9,30.2,10.3,58.0,167.7
2012,Finland,10.8,14.7,1.6,60.5,26.1,10.0,38.0,111.0
2012,France,7.699999999999999,23.2,2.2,72.7,29.4,8.7,30.2,141.5
2012,Germany,8.8,17.700000000000003,3.1,77.6,31.7,10.0,32.2,138.6
2012,Greece,5.5,27.6,2.4,58.900000000000006,28.0,6.7,27.0,163.89999999999998
2012,Hungary,11.4,32.9,7.3,156.7,33.8,11.3,32.9,264.8
2012,Iceland,11.9,25.799999999999997,2.2,45.5,28.5,12.6,38.7,165.2
2012,Ireland,12.2,20.2,4.5,89.30000000000001,35.4,14.5,40.3,160.4
2012,Israel,13.1,21.7,2.5,78.7,32.9,10.2,19.6,103.2
2012,Italy,7.9,24.2,1.1,77.2,28.8,8.0,23.8,143.1
2012,Japan,1.1,12.5,3.3,79.6,14.5,5.4,15.0,123.5
2012,Korea,1.7999999999999998,13.9,3.9,74.19999999999999,8.0,3.9,14.7,154.2
2012,Latvia,11.4,35.2,9.9,109.9,28.8,12.6,60.5,153.4
2012,Lithuania,9.8,26.099999999999998,10.7,90.0,27.7,12.5,56.2,145.10000000000002
2012,Luxembourg,7.1,32.6,2.1,74.1,28.5,14.3,24.2,151.7
2012,Mexico,3.0,6.3,11.2,25.7,16.4,5.9,30.5,38.7
2012,Netherlands,14.0,24.299999999999997,2.3,97.4,33.9,11.1,39.9,187.9
2012,New Zealand,28.1,17.3,2.6,101.30000000000001,28.9,8.3,38.2,128.6
2012,Norway,19.8,20.599999999999998,2.6,100.8,23.7,12.4,52.3,140.6
2012,Peru,2.2,6.2,12.3,31.9,11.1,4.3,35.0,44.2
2012,Poland,11.2,31.5,8.0,100.0,26.3,11.5,34.8,198.7
2012,Portugal,6.7,25.5,3.3,97.7,25.9,5.7,38.8,98.3
2012,Romania,6.1,22.8,14.5,89.0,27.2,8.5,27.2,150.6
2012,Russia,8.1,19.9,7.8,98.1,28.1,9.5,29.0,133.5
2012,Slovak Republic,11.6,28.699999999999996,8.2,141.79999999999998,31.8,11.3,46.0,152.3
2012,Slovenia,17.6,29.4,3.5,110.39999999999999,30.3,10.1,53.5,159.9
2012,South Africa,6.2,14.0,22.6,43.1,25.3,5.5,62.8,88.69999999999999
2012,Spain,5.6,33.2,2.5,94.4,22.2,6.9,29.0,139.5
2012,Sweden,15.4,19.4,2.2,75.4,25.3,10.1,52.7,102.1
2012,Switzerland,12.7,19.799999999999997,1.9,62.2,28.7,8.4,38.3,114.4
2012,Türkiye,2.7,15.0,1.6,46.0,11.9,5.0,23.6,154.8
2012,United Kingdom,10.1,24.9,2.7,76.2,32.2,11.6,39.9,164.89999999999998
2012,United States,10.2,18.0,2.6,56.5,26.1,9.3,25.0,174.8
2013,Argentina,5.4,16.400000000000002,6.1,78.8,34.1,7.5,38.6,102.6
2013,Australia,23.9,15.700000000000001,2.0,61.8,25.2,8.4,36.1,121.5
2013,Austria,11.7,16.4,2.9,71.7,28.9,8.9,32.7,125.4
2013,Belgium,9.7,22.4,2.8,71.4,33.8,9.0,29.8,170.0
2013,Brazil,4.2,12.0,7.5,43.1,21.0,5.1,36.6,70.1
2013,Bulgaria,7.5,22.2,8.1,96.6,27.3,9.4,30.5,135.1
2013,Canada,9.6,20.1,2.2,75.8,26.4,9.3,29.4,176.79999999999998
2013,Chile,3.7,12.6,8.0,59.900000000000006,20.1,6.0,50.7,81.8
2013,Colombia,4.4,8.1,10.1,41.6,18.3,6.0,37.6,63.0
2013,Costa Rica,5.2,11.7,8.0,55.5,22.4,4.3,42.8,35.3
2013,Croatia,12.5,29.199999999999996,4.9,138.0,36.3,12.1,45.6,185.60000000000002
2013,Czechia,10.7,24.8,6.2,105.2,27.4,11.7,37.9,153.1
2013,Denmark,15.399999999999999,27.3,3.6,94.80000000000001,33.5,11.4,52.3,188.9
2013,Estonia,11.799999999999999,29.2,7.4,101.1,24.0,8.9,56.8,155.3
2013,Finland,11.9,14.0,1.6,59.6,25.3,8.7,36.4,111.69999999999999
2013,France,7.6,21.5,2.1,70.6,29.0,8.4,29.4,137.8
2013,Germany,9.5,18.5,3.0,77.7,31.9,9.7,34.1,140.8
2013,Greece,5.5,28.3,2.1,56.9,28.1,7.0,26.7,169.8
2013,Hungary,10.5,29.9,7.0,155.6,34.4,11.9,35.0,252.5
2013,Iceland,3.2,28.200000000000003,3.2,65.8,35.4,4.9,54.0,149.0
2013,Ireland,15.399999999999999,19.9,3.7,90.9,35.4,13.6,37.3,158.7
2013,Israel,12.0,21.2,2.6,77.1,34.1,9.1,16.9,105.1
2013,Italy,8.0,23.0,1.1,73.2,28.0,8.0,22.7,139.5
2013,Japan,1.0,12.6,3.2,78.5,15.2,5.3,15.0,122.4
2013,Korea,1.9,13.9,3.7,70.5,8.6,4.3,15.5,150.6
2013,Latvia,11.7,35.599999999999994,10.1,95.2,30.6,13.3,54.9,153.3
2013,Lithuania,9.0,22.2,9.7,91.9,27.9,12.4,49.9,139.4
2013,Luxembourg,10.4,19.5,3.4,82.8,32.4,9.6,23.0,127.3
2013,Mexico,2.9000000000000004,5.9,10.7,26.5,15.5,5.9,29.4,38.0
2013,Netherlands,14.3,22.5,2.4,87.8,33.0,10.6,38.2,183.0
2013,New Zealand,28.099999999999998,15.1,2.5,98.7,29.0,8.3,41.0,128.8
2013,Norway,20.2,22.3,2.8,93.9,23.1,10.7,50.0,136.0
2013,Peru,3.0,6.6000000000000005,10.4,28.799999999999997,11.8,4.1,32.7,41.0
2013,Poland,11.7,32.8,7.8,98.1,27.0,12.1,34.5,194.8
2013,Portugal,6.1,24.200000000000003,3.1,96.8,23.8,5.5,35.5,106.19999999999999
2013,Romania,5.8,24.2,15.0,88.3,28.0,9.0,28.4,151.0
2013,Russia,8.1,19.7,8.0,97.4,27.8,9.3,29.1,131.7
2013,Slovak Republic,15.600000000000001,28.9,8.4,149.1,34.7,9.7,41.8,149.5
2013,Slovenia,17.2,28.2,3.3,111.1,31.1,11.5,48.6,150.4
2013,South Africa,6.199999999999999,11.899999999999999,22.0,41.6,24.7,5.5,65.4,85.0
2013,Spain,5.9,31.799999999999997,2.4,91.9,22.5,6.8,26.9,137.9
2013,Sweden,15.0,19.5,3.0,76.2,25.4,9.3,50.9,101.6
2013,Switzerland,10.6,20.5,1.5,58.4,27.3,8.5,39.6,114.1
2013,Türkiye,3.7,17.9,2.1,49.8,14.1,5.8,27.5,164.6
2013,United Kingdom,10.7,24.3,2.6,73.7,31.3,11.3,39.1,162.4
2013,United States,10.3,18.3,2.7,55.9,25.9,9.2,24.6,170.8
2014,Argentina,5.6000000000000005,17.0,6.2,80.1,33.4,6.7,37.4,102.0
2014,Australia,21.2,15.6,1.9,59.1,24.2,8.5,34.9,118.9
2014,Austria,9.9,17.8,3.0,69.3,28.2,9.4,30.4,129.0
2014,Belgium,8.7,23.0,2.4,67.4,32.3,8.7,28.5,168.2
2014,Brazil,4.3,12.0,7.3,44.6,21.0,4.9,36.3,70.3
2014,Bulgaria,7.3999999999999995,23.5,8.2,95.1,29.1,8.9,29.5,128.9
2014,Canada,9.8,21.1,2.3,77.0,27.7,9.5,29.7,181.0
2014,Chile,4.9,15.7,7.4,63.3,20.0,5.5,49.3,79.8
2014,Colombia,4.7,7.8,10.8,43.7,18.9,6.3,39.6,64.7
2014,Costa Rica,5.0,11.8,7.4,54.8,21.1,5.4,41.5,33.9
2014,Croatia,13.7,32.5,5.1,137.9,38.6,11.0,44.9,184.9
2014,Czechia,9.9,24.6,5.2,101.6,25.1,11.5,39.0,145.8
2014,Denmark,15.3,24.3,3.1,89.8,33.9,10.0,47.8,185.3
2014,Estonia,13.0,24.7,7.9,100.1,27.4,12.6,59.7,167.3
2014,Finland,11.399999999999999,12.6,1.6,59.7,23.3,9.7,35.3,105.8
2014,France,7.9,22.200000000000003,2.0,69.0,29.1,8.3,28.0,140.2
2014,Germany,9.399999999999999,17.8,2.9,75.5,31.1,9.4,33.6,139.0
2014,Greece,5.9,28.4,2.1,60.7,27.1,7.9,27.7,169.8
2014,Hungary,11.2,28.9,7.0,151.4,33.4,11.5,35.1,254.7
2014,Iceland,9.0,16.6,2.1,81.8,34.7,8.5,44.9,146.5
2014,Ireland,12.600000000000001,22.6,4.6,84.1,36.1,13.9,39.5,159.8
2014,Israel,10.5,21.7,3.0,68.0,31.8,9.3,19.6,108.19999999999999
2014,Italy,8.3,22.4,1.2,71.1,28.0,7.4,21.9,135.6
2014,Japan,1.1,12.4,3.5,78.1,15.0,5.4,14.4,120.5
2014,Korea,2.1,13.5,3.9,68.8,8.5,4.1,14.6,147.8
2014,Latvia,8.5,38.5,8.7,96.4,30.6,12.8,58.6,146.20000000000002
2014,Lithuania,8.2,24.6,9.7,91.5,25.5,13.4,48.8,141.1
2014,Luxembourg,10.7,24.6,2.9,67.30000000000001,29.9,11.1,24.9,156.89999999999998
2014,Mexico,3.3000000000000003,6.5,11.1,27.5,16.3,6.2,29.3,37.4
2014,Netherlands,14.1,21.4,2.1,85.6,30.9,10.6,36.7,179.4
2014,New Zealand,28.9,17.8,2.1,97.4,27.4,8.9,39.5,126.6
2014,Norway,19.6,20.1,2.3,94.6,23.9,11.0,54.6,132.7
2014,Peru,2.9000000000000004,5.9,11.0,29.1,11.8,4.1,31.0,40.2
2014,Poland,10.9,31.7,7.6,97.6,27.4,12.3,34.5,195.2
2014,Portugal,7.3,24.1,3.2,94.3,23.6,5.6,36.4,102.9
2014,Romania,6.1,24.8,15.2,87.6,28.6,9.1,28.5,153.39999999999998
2014,Russia,8.5,18.8,7.9,96.9,27.5,9.3,30.0,132.39999999999998
2014,Slovak Republic,14.399999999999999,29.0,7.9,134.4,31.4,11.0,48.4,143.4
2014,Slovenia,15.100000000000001,27.0,4.0,101.10000000000001,28.4,10.6,47.9,160.39999999999998
2014,South Africa,5.6,13.6,23.8,41.4,25.0,5.5,64.8,86.0
2014,Spain,6.2,28.8,2.1,89.4,21.1,7.0,26.5,133.1
2014,Sweden,14.3,19.5,2.4,75.6,23.7,9.6,50.9,100.4
2014,Switzerland,11.9,19.6,1.3,59.5,27.0,8.2,37.7,112.69999999999999
2014,Türkiye,3.5999999999999996,17.3,1.9,51.1,14.4,5.8,26.8,162.0
2014,United Kingdom,11.1,24.5,2.6,72.0,30.5,11.1,39.3,160.70000000000002
2014,United States,10.0,17.9,2.6,54.6,25.7,8.9,24.5,166.1
2015,Argentina,5.8,17.0,6.1,82.4,34.7,6.8,38.7,105.5
2015,Australia,21.3,16.299999999999997,2.0,61.4,24.8,7.9,34.6,118.8
2015,Austria,11.7,17.8,2.7,64.2,28.2,8.1,29.8,125.6
2015,Belgium,8.0,23.2,2.5,68.2,30.7,9.5,29.9,158.9
2015,Brazil,4.6,12.1,7.4,43.8,21.6,5.0,35.9,71.1
2015,Bulgaria,6.5,22.4,8.8,92.4,28.1,9.5,30.2,127.6
2015,Canada,9.3,19.200000000000003,2.1,71.7,25.9,9.8,27.6,170.3
2015,Chile,4.9,14.8,8.2,64.0,20.7,6.0,48.6,78.4
2015,Colombia,4.4,7.5,10.4,45.0,18.9,6.5,38.6,64.6
2015,Costa Rica,5.5,10.200000000000001,6.9,54.2,19.6,4.6,37.6,33.6
2015,Croatia,13.7,34.2,4.2,135.6,37.3,11.4,48.4,184.0
2015,Czechia,10.8,25.0,5.7,101.19999999999999,25.2,11.4,33.9,143.5
2015,Denmark,12.6,25.8,3.1,91.5,31.8,10.8,48.0,180.7
2015,Estonia,12.6,24.7,7.0,100.9,26.1,10.7,63.3,157.60000000000002
2015,France,7.8,22.6,2.0,71.0,29.1,8.3,30.5,140.4
2015,Germany,9.1,17.700000000000003,2.9,73.7,31.3,9.4,32.8,137.3
2015,Greece,6.2,29.2,2.0,60.5,28.0,7.8,27.9,169.5
2015,Hungary,10.6,30.299999999999997,8.0,147.7,34.6,11.3,35.2,250.9
2015,Iceland,6.9,16.4,2.6,76.3,35.6,9.4,47.1,125.0
2015,Ireland,10.9,21.6,4.0,85.1,32.7,13.1,37.4,149.8
2015,Israel,9.9,22.7,2.4,68.8,31.4,8.4,20.2,102.80000000000001
2015,Italy,7.8,22.1,1.1,70.9,27.7,7.5,21.5,135.8
2015,Japan,1.0,12.6,3.3,78.4,15.2,5.2,13.8,119.3
2015,Korea,2.0999999999999996,12.3,3.8,65.7,8.7,4.1,14.0,139.5
2015,Latvia,11.5,35.7,9.3,95.9,31.4,14.9,55.4,135.6
2015,Lithuania,9.6,25.1,11.1,94.7,28.6,13.7,50.4,142.5
2015,Luxembourg,7.3,19.2,3.3,65.2,32.5,11.7,27.8,134.9
2015,Mexico,3.4000000000000004,6.1,10.5,29.0,16.7,6.3,29.2,37.1
2015,Netherlands,13.9,21.3,2.2,86.9,33.0,10.1,36.8,176.3
2015,New Zealand,28.299999999999997,18.3,2.4,94.3,29.6,9.2,38.2,132.6
2015,Norway,19.6,18.7,2.9,93.9,20.8,10.7,50.9,130.7
2015,Peru,3.9000000000000004,5.5,10.6,28.4,10.8,4.1,29.4,36.9
2015,Poland,12.0,35.0,7.2,102.5,28.3,12.6,37.8,196.2
2015,Portugal,6.5,25.3,2.9,93.7,23.7,4.9,34.0,103.19999999999999
2015,Romania,6.2,24.400000000000002,14.5,91.2,29.1,9.0,27.7,155.1
2015,Russia,8.3,18.2,7.9,96.1,26.9,9.1,29.8,128.7
2015,Slovenia,17.3,26.5,3.9,106.1,31.8,11.5,49.6,161.29999999999998
2015,South Africa,7.8,13.7,24.8,45.7,26.0,5.9,74.8,90.3
2015,Spain,6.2,28.099999999999998,2.4,87.1,20.8,6.9,25.4,133.0
2015,Sweden,14.5,18.9,3.0,75.8,23.9,8.8,50.3,99.0
2015,Switzerland,11.7,19.6,1.5,59.4,28.1,8.8,37.1,111.9
2015,Türkiye,3.5999999999999996,17.9,1.8,50.9,14.5,5.6,25.0,159.29999999999998
2015,United Kingdom,10.9,24.2,2.4,71.9,30.4,10.7,40.2,156.4
2015,United States,9.2,17.7,2.6,53.7,24.9,8.4,24.1,157.5
2016,Argentina,5.3,17.3,6.5,80.8,33.5,7.2,37.4,100.8
2016,Australia,17.5,14.399999999999999,2.2,59.7,24.6,7.8,33.9,115.0
2016,Austria,11.100000000000001,18.9,2.7,65.7,28.3,9.4,31.3,125.6
2016,Belgium,8.2,21.1,2.2,65.1,31.1,8.0,28.9,156.9
2016,Brazil,4.6,12.9,7.3,46.2,21.8,5.2,39.6,72.5
2016,Bulgaria,5.7,24.4,7.9,90.0,26.8,9.1,28.2,123.9
2016,Canada,8.7,20.0,2.1,71.80000000000001,26.1,8.8,28.2,165.0
2016,Chile,4.8,14.0,7.9,62.0,19.4,6.3,46.4,77.0
2016,Colombia,4.2,7.0,10.3,42.9,19.4,6.3,32.4,56.7
2016,Costa Rica,4.5,7.1,7.7,59.0,19.8,4.0,37.3,32.9
2016,Croatia,15.3,31.7,4.4,141.60000000000002,34.9,10.7,43.9,186.0
2016,Czechia,12.0,24.4,5.1,97.8,26.2,9.7,34.4,142.0
2016,Denmark,13.8,25.200000000000003,3.5,93.7,33.0,11.8,48.7,175.7
2016,Estonia,8.1,27.0,7.1,102.4,25.6,9.3,57.9,150.29999999999998
2016,Finland,10.4,14.0,1.8,60.8,24.5,10.0,34.8,106.19999999999999
2016,France,7.4,22.1,2.0,70.1,29.5,8.2,27.9,136.9
2016,Germany,8.6,17.700000000000003,2.9,72.1,31.8,9.4,33.1,136.8
2016,Greece,5.3,28.2,2.5,61.5,28.6,7.4,25.3,166.4
2016,Hungary,10.3,30.8,6.5,147.9,34.5,10.9,35.3,253.10000000000002
2016,Iceland,8.0,19.9,1.4,74.8,31.9,9.5,51.0,161.5
2016,Israel,10.8,22.3,2.5,66.9,30.8,9.7,17.1,99.2
2016,Italy,8.0,23.9,1.3,72.2,28.0,7.5,21.8,133.0
2016,Japan,1.0,12.7,3.2,77.4,15.5,5.2,13.9,115.60000000000001
2016,Korea,1.7999999999999998,12.5,3.4,63.2,8.9,4.5,13.6,139.4
2016,Latvia,8.0,33.1,9.1,92.2,32.1,14.9,57.9,142.79999999999998
2016,Lithuania,10.2,28.8,10.1,86.9,25.8,13.7,51.6,136.0
2016,Luxembourg,8.3,26.0,1.5,60.4,30.2,9.1,23.7,137.2
2016,Mexico,3.4,6.7,10.3,29.0,17.2,6.7,30.5,36.7
2016,Netherlands,12.7,23.1,2.4,86.0,31.5,10.3,37.3,176.5
2016,New Zealand,26.7,16.9,2.4,92.8,28.8,7.7,33.3,124.9
2016,Norway,17.8,20.5,3.5,92.7,22.0,11.0,45.6,130.8
2016,Peru,3.4,4.2,9.6,23.6,9.5,3.7,25.3,29.9
2016,Poland,11.2,34.7,7.1,100.7,28.7,11.8,39.2,192.8
2016,Portugal,5.9,23.7,2.9,93.2,24.6,4.9,35.5,103.6
2016,Romania,6.800000000000001,25.099999999999998,14.0,95.5,29.1,9.1,29.2,152.2
2016,Slovak Republic,14.2,29.200000000000003,7.2,136.20000000000002,33.7,9.6,42.4,145.7
2016,Slovenia,16.8,29.4,3.1,102.1,27.8,11.4,46.7,158.5
2016,South Africa,7.300000000000001,13.0,24.5,47.1,28.0,6.3,70.2,93.4
2016,Spain,5.5,28.099999999999998,2.2,88.4,21.2,6.8,24.9,135.1
2016,Sweden,14.0,17.200000000000003,2.4,72.8,23.0,9.4,47.8,97.1
2016,Switzerland,10.2,20.5,1.8,55.5,27.2,8.4,33.4,109.4
2016,Türkiye,3.4000000000000004,17.2,1.9,49.8,14.5,5.9,24.6,159.8
2016,United Kingdom,10.0,23.6,2.4,72.2,30.1,11.0,38.6,154.1
2016,United States,8.4,17.8,2.6,53.0,24.9,8.6,24.6,150.4
2017,Argentina,5.3,16.1,6.5,77.6,34.0,6.9,35.8,98.9
2017,Australia,18.4,14.100000000000001,1.9,56.400000000000006,23.4,8.0,33.0,109.1
2017,Austria,12.4,18.2,2.9,64.9,27.5,8.6,31.4,121.0
2017,Belgium,7.7,21.0,2.6,66.2,30.2,8.4,29.1,142.2
2017,Brazil,4.5,13.299999999999999,7.8,47.199999999999996,22.0,5.2,38.6,71.3
2017,Bulgaria,4.3,23.9,8.3,90.19999999999999,26.0,9.3,29.6,123.30000000000001
2017,Canada,8.7,19.1,2.1,68.7,25.6,9.1,27.6,161.3
2017,Chile,4.8,14.399999999999999,7.4,61.099999999999994,19.0,6.5,46.2,76.8
2017,Colombia,3.9,7.0,9.9,43.3,19.6,6.4,31.8,56.9
2017,Costa Rica,6.7,13.5,7.3,54.3,21.2,4.3,32.3,31.4
2017,Croatia,14.1,32.8,4.2,130.8,30.6,11.4,43.8,192.2
2017,Czechia,10.7,24.7,5.1,97.0,24.7,9.7,32.4,143.2
2017,Denmark,12.6,20.7,2.9,86.0,32.1,9.6,47.8,171.9
2017,Estonia,10.7,26.3,8.0,104.9,27.3,10.9,58.0,145.89999999999998
2017,Finland,10.7,13.3,1.7,61.9,25.1,8.8,34.0,104.0
2017,France,7.199999999999999,18.4,2.4,68.6,38.5,10.6,17.9,125.3
2017,Germany,8.2,16.599999999999998,3.0,68.3,31.1,9.1,31.9,132.7
2017,Greece,4.9,29.2,1.9,56.7,28.0,7.2,25.3,165.60000000000002
2017,Hungary,9.8,30.4,6.3,144.8,32.9,11.7,37.4,249.5
2017,Iceland,15.899999999999999,19.6,4.4,60.1,25.4,8.8,39.8,123.7
2017,Israel,9.3,23.0,2.4,63.2,31.4,9.6,19.3,93.5
2017,Italy,8.0,23.4,1.3,70.4,28.3,7.7,21.8,131.2
2017,Japan,1.0,12.7,3.2,76.6,15.6,5.1,13.6,112.9
2017,Korea,1.7999999999999998,12.200000000000001,3.2,62.8,8.9,4.2,13.0,133.1
2017,Latvia,10.7,34.3,8.5,90.3,29.4,14.5,58.3,151.4
2017,Lithuania,9.2,27.9,10.6,86.6,23.9,12.4,48.7,128.5
2017,Luxembourg,7.6,18.799999999999997,1.4,62.3,34.4,12.3,25.1,129.4
2017,Mexico,3.2,6.300000000000001,9.9,29.9,17.1,6.5,28.4,35.5
2017,Netherlands,12.9,21.6,2.1,82.19999999999999,30.5,10.1,37.6,167.6
2017,Peru,3.1,4.9,9.8,26.0,10.5,4.5,25.4,31.9
2017,Poland,11.2,35.099999999999994,7.2,99.3,29.1,11.8,39.1,185.2
2017,Portugal,6.4,25.4,3.1,90.69999999999999,24.3,5.5,34.0,105.89999999999999
2017,Romania,6.4,26.2,13.6,93.6,29.4,8.7,28.3,151.5
2017,Slovak Republic,14.7,27.1,6.6,125.9,35.3,10.6,43.7,138.9
2017,Slovenia,14.1,29.3,3.4,90.0,31.0,10.2,52.0,159.2
2017,South Africa,7.1,13.0,24.3,44.6,26.6,7.0,68.3,87.1
2017,Spain,5.3999999999999995,26.0,2.4,83.8,20.9,6.9,24.9,131.1
2017,Sweden,13.6,19.1,2.6,71.2,23.0,8.8,47.0,98.1
2017,Switzerland,8.8,19.1,1.4,56.9,25.7,8.0,36.7,109.0
2017,United Kingdom,10.1,24.099999999999998,2.4,72.0,29.3,10.4,38.9,148.5
2017,United States,8.1,17.4,2.6,52.099999999999994,24.8,8.4,23.9,143.7
2018,Argentina,4.7,14.799999999999999,6.8,74.3,31.7,6.7,34.4,94.60000000000001
2018,Australia,18.5,13.4,1.9,55.7,23.5,7.6,31.8,110.1
2018,Austria,10.8,17.3,2.5,61.6,28.2,9.1,29.6,123.5
2018,Belgium,8.2,18.8,2.6,59.5,30.2,7.8,28.9,141.10000000000002
2018,Brazil,4.3,12.9,7.8,47.3,22.5,5.2,37.4,70.6
2018,Bulgaria,5.6,22.4,7.0,90.7,26.2,8.2,32.4,122.6
2018,Canada,8.4,19.1,1.9,66.9,24.9,8.4,26.6,155.1
2018,Chile,5.1,14.5,7.3,62.6,19.1,5.9,43.3,74.8
2018,Colombia,4.0,7.5,9.4,44.1,19.6,6.7,31.5,53.1
2018,Costa Rica,3.5999999999999996,9.8,5.7,63.9,19.2,4.9,36.6,36.6
2018,Czechia,10.8,23.9,4.8,93.0,24.4,9.3,31.4,134.6
2018,Denmark,12.2,23.4,2.4,82.1,29.5,9.7,47.0,155.8
2018,Estonia,9.8,25.8,6.4,97.8,26.9,9.6,56.7,148.5
2018,Finland,11.2,13.4,1.6,57.3,23.4,8.3,32.6,100.7
2018,Germany,8.5,16.3,3.1,68.8,31.1,8.9,32.6,130.3
2018,Greece,6.4,26.8,2.1,55.8,28.0,7.8,25.2,161.4
2018,Hungary,9.3,30.5,6.8,144.5,32.6,10.9,34.5,244.3
2018,Iceland,14.7,20.0,3.7,62.5,28.2,8.6,38.5,127.80000000000001
2018,Ireland,13.2,19.1,4.1,76.2,35.8,13.4,37.0,136.8
2018,Israel,9.2,20.8,2.7,60.5,29.4,8.0,16.3,93.69999999999999
2018,Japan,1.0,12.1,3.3,75.1,15.7,5.1,13.4,110.4
2018,Korea,1.7999999999999998,11.4,3.0,60.0,8.6,4.4,13.6,126.4
2018,Latvia,10.7,31.0,9.8,91.1,29.4,13.4,60.8,139.6
2018,Lithuania,11.0,25.3,10.5,84.1,25.6,12.7,47.9,124.0
2018,Luxembourg,6.6,18.1,1.0,72.8,28.8,9.4,25.5,123.7
2018,Mexico,3.5999999999999996,6.2,9.7,29.5,17.4,6.3,28.6,34.0
2018,Netherlands,12.3,20.3,2.2,76.8,28.8,9.2,34.2,157.5
2018,Peru,4.2,5.8,11.0,28.8,12.1,4.1,26.9,36.4
2018,Poland,11.6,33.6,6.9,97.2,29.3,12.3,38.6,181.1
2018,Portugal,5.8,24.7,3.3,88.0,23.5,5.6,34.5,105.80000000000001
2018,Romania,6.300000000000001,24.7,12.8,94.6,29.0,9.4,28.6,147.9
2018,Slovak Republic,13.8,27.700000000000003,7.8,129.8,34.3,9.6,42.3,138.0
2018,Slovenia,17.5,31.8,3.0,97.4,33.3,10.8,50.2,153.0
2018,South Africa,7.2,14.2,23.9,42.6,26.8,6.6,65.8,84.1
2018,Spain,5.2,24.200000000000003,2.2,82.1,20.9,6.5,23.9,129.1
2018,Sweden,12.8,17.5,2.6,67.9,22.3,9.2,45.3,90.9
2018,Switzerland,8.9,18.5,1.5,53.5,26.3,7.5,34.9,107.0
2018,United Kingdom,10.3,23.6,2.4,72.7,30.1,10.8,38.4,147.3
2018,United States,8.1,16.900000000000002,2.5,50.9,24.6,8.0,24.0,136.5
2019,Argentina,4.7,15.5,7.0,74.7,32.0,6.7,34.0,92.9
2019,Australia,17.8,13.7,1.8,53.699999999999996,24.7,8.3,33.9,110.0
2019,Austria,11.0,17.0,2.8,61.0,27.9,8.4,31.8,119.3
2019,Brazil,4.6,12.7,7.6,47.699999999999996,22.4,5.2,36.8,70.1
2019,Bulgaria,7.1,23.1,7.2,99.69999999999999,27.7,9.1,34.6,127.5
2019,Canada,8.7,17.799999999999997,2.1,66.7,24.4,8.4,27.0,148.7
2019,Chile,4.9,12.5,7.6,63.0,19.7,6.2,39.6,71.1
2019,Colombia,3.7,7.5,9.5,44.2,20.2,6.3,32.6,49.400000000000006
2019,Costa Rica,4.7,10.2,6.7,55.0,20.1,4.3,34.5,32.6
2019,Croatia,13.3,31.2,4.4,133.1,26.6,12.0,44.1,180.7
2019,Czechia,11.1,26.6,4.4,92.80000000000001,25.8,9.1,32.6,134.2
2019,Denmark,13.8,21.4,2.4,81.4,30.0,8.7,46.7,160.7
2019,Estonia,9.1,26.2,7.2,100.7,25.4,8.8,56.1,139.8
2019,Finland,9.9,14.700000000000001,1.4,60.5,23.4,8.1,32.6,102.1
2019,Germany,8.5,15.8,3.0,67.1,30.5,8.8,31.8,128.10000000000002
2019,Greece,5.9,27.2,2.2,58.5,28.1,7.1,24.5,160.7
2019,Hungary,9.9,30.699999999999996,6.3,140.4,33.0,10.2,34.4,234.0
2019,Iceland,8.0,19.0,3.6,70.5,33.0,10.5,48.3,118.4
2019,Israel,10.0,17.9,2.7,58.7,30.0,9.1,18.8,90.6
2019,Japan,1.0,12.1,3.4,74.6,15.8,5.0,13.4,109.7
2019,Korea,1.6,11.8,3.1,58.4,8.9,4.2,13.0,125.5
2019,Latvia,8.5,32.599999999999994,10.1,92.3,29.9,13.5,59.2,137.8
2019,Lithuania,10.7,27.1,10.3,86.9,27.1,10.8,47.2,132.2
2019,Luxembourg,6.4,24.5,1.6,61.0,29.1,7.7,24.7,110.2
2019,Mexico,3.3000000000000003,6.300000000000001,9.1,31.0,17.6,6.8,28.6,33.1
2019,Netherlands,11.4,19.3,2.1,70.8,28.0,9.6,33.2,150.7
2019,Peru,5.4,6.300000000000001,11.1,35.0,13.4,4.8,31.3,40.6
2019,Poland,11.4,34.8,6.8,96.9,29.5,11.9,38.8,175.6
2019,Portugal,6.2,20.2,3.1,86.6,24.7,5.2,34.1,106.5
2019,Romania,6.5,25.4,13.4,91.4,27.8,8.6,28.4,143.1
2019,Russia,7.9,16.3,7.4,90.8,24.4,8.4,30.7,118.3
2019,Slovak Republic,11.8,29.0,6.8,121.0,32.5,9.2,41.5,122.2
2019,Slovenia,13.899999999999999,25.0,3.4,83.0,29.2,8.6,45.4,147.5
2019,Spain,5.6,23.5,2.2,81.2,19.9,6.6,23.2,125.6
2019,Switzerland,9.0,18.4,1.5,52.5,25.9,7.4,33.2,101.5
2019,Türkiye,3.1,16.3,1.7,46.2,14.0,5.7,20.1,142.1
2019,United Kingdom,9.5,23.0,2.3,71.1,28.4,10.0,37.2,140.1
2019,United States,7.800000000000001,16.8,2.5,49.7,24.1,7.7,23.5,131.0
2020,Argentina,4.2,13.899999999999999,6.3,68.7,29.4,6.9,30.6,83.4
2020,Australia,17.2,13.5,1.6,52.8,23.2,7.0,32.3,101.7
2020,Austria,11.5,16.5,2.6,61.4,27.5,8.3,32.2,118.1
2020,Brazil,5.0,14.6,7.6,49.6,22.6,4.9,44.2,71.1
2020,Bulgaria,6.4,24.0,8.4,96.9,29.1,9.6,37.3,126.30000000000001
2020,Chile,4.6,12.6,7.5,63.900000000000006,19.1,6.1,36.7,69.9
2020,Colombia,4.2,8.4,9.8,48.7,21.1,6.7,41.2,55.0
2020,Costa Rica,5.6,10.9,6.4,56.0,22.3,4.2,33.9,34.8
2020,Croatia,13.2,31.0,4.9,128.6,25.4,11.2,41.4,173.2
2020,Czechia,11.4,24.3,4.5,88.7,25.2,9.4,33.1,131.2
2020,Denmark,11.5,20.7,2.6,74.6,28.8,8.8,47.6,147.8
2020,Estonia,11.4,25.0,7.4,84.4,26.1,10.7,47.7,133.3
2020,Finland,10.1,13.700000000000001,1.4,54.3,24.7,7.0,31.6,97.3
2020,Germany,8.2,16.1,2.9,65.4,30.0,8.7,31.7,126.5
2020,Greece,5.5,27.1,2.1,56.2,27.3,7.3,25.2,156.7
2020,Iceland,12.7,25.900000000000002,2.9,64.1,25.8,5.9,45.3,113.6
2020,Israel,8.899999999999999,24.299999999999997,2.4,56.6,28.7,8.6,18.3,87.1
2020,Japan,1.0,12.299999999999999,3.3,74.1,15.2,5.2,13.3,108.4
2020,Korea,1.7999999999999998,11.5,2.7,55.3,9.1,4.6,13.1,120.69999999999999
2020,Latvia,7.699999999999999,35.1,8.3,91.0,31.3,15.3,59.2,141.8
2020,Lithuania,9.8,26.8,10.2,85.2,27.1,13.0,48.3,126.3
2020,Luxembourg,10.4,15.600000000000001,0.6,58.8,28.6,6.9,28.0,104.1
2020,Mexico,3.1,6.2,9.4,31.6,17.8,6.6,32.8,31.8
2020,Netherlands,12.100000000000001,20.7,2.3,67.8,28.2,9.3,33.7,147.2
2020,Peru,4.4,6.1,11.6,40.0,14.1,5.6,44.0,36.5
2020,Poland,10.9,34.3,6.5,96.1,29.1,11.4,39.0,165.8
2020,Slovenia,17.1,30.8,2.8,82.5,32.2,7.5,45.9,142.4
2020,Spain,5.8,23.599999999999998,2.3,78.1,20.2,6.6,23.4,122.8
2020,Switzerland,8.6,19.2,1.7,50.1,23.7,7.4,31.3,98.4
2020,United Kingdom,9.7,23.0,2.4,70.4,28.6,9.9,36.9,134.9
2020,United States,7.800000000000001,16.299999999999997,2.5,48.9,23.7,7.5,23.7,124.30000000000001
2021,Australia,17.2,13.3,1.7,52.7,22.8,7.6,32.0,101.6
2021,Austria,11.3,16.599999999999998,2.4,57.8,27.0,7.2,30.1,117.3
2021,Czechia,10.200000000000001,24.0,4.7,86.4,26.3,9.2,31.1,120.30000000000001
2021,Estonia,11.3,28.1,6.1,91.4,25.2,9.5,46.9,129.2
2021,Iceland,9.0,20.799999999999997,1.2,54.9,29.7,8.4,39.5,114.5
2021,Latvia,9.4,33.5,8.7,87.4,29.8,12.9,57.7,136.6
2021,Lithuania,7.9,25.9,8.6,82.4,26.0,12.1,46.8,108.9
2021,Luxembourg,4.9,17.2,2.2,59.8,26.2,7.5,29.0,105.5
2021,Spain,5.5,23.4,2.3,76.4,19.7,6.4,22.9,123.5
